<?xml version="1.0" encoding="UTF-8"?>
<round-root>
	<round id='0'>
		<human>0</human>
		<dwarf>0</dwarf>
		<elf>0</elf>
		<hobbit>32</hobbit>
	</round>
	<round id='1'>
		<human>0</human>
		<dwarf>0</dwarf>
		<elf>26</elf>
		<hobbit>26</hobbit>
	</round>
	<round id='2'>
		<human>0</human>
		<dwarf>0</dwarf>
		<elf>30</elf>
		<hobbit>42</hobbit>
	</round>
	<round id='3'>
		<human>0</human>
		<dwarf>0</dwarf>
		<elf>26</elf>
		<hobbit>26</hobbit>
	</round>
	<round id='4'>
		<human>0</human>
		<dwarf>0</dwarf>
		<elf>0</elf>
		<hobbit>0</hobbit>
		<legolas>1</legolas>
	</round>
	<round id='5'>
		<human>0</human>
		<dwarf>20</dwarf>
		<elf>30</elf>
		<hobbit>35</hobbit>
	</round>
	<round id='6'>
		<human>0</human>
		<dwarf>40</dwarf>
		<elf>40</elf>
		<hobbit>30</hobbit>
	</round>
	<round id='7'>
		<human>0</human>
		<dwarf>0</dwarf>
		<elf>0</elf>
		<hobbit>0</hobbit>
		<gimli>1</gimli>
	</round>
	<round id='8'>
		<human>60</human>
		<dwarf>50</dwarf>
		<elf>50</elf>
		<hobbit>30</hobbit>
	</round>
	<round id='9'>
		<human>0</human>
		<dwarf>0</dwarf>
		<elf>0</elf>
		<hobbit>0</hobbit>
		<aragorn>1</aragorn>
	</round>
</round-root>
